Merge commit,Parent 1,Parent 2
9ecd147ca2c50c3101341e5c6b9453f691aa0afc,e63492ba46f1f42ca663254f40eef4aac4523e50,6186f586a015f19ac61621aa4d6f4db3e3109a67
42fa5273445de0fe6c56ae0af7caaafcd304f429,80fde0d6d395ffb307a618d56cf40726fedf39ea,93a45147aa439dc473b7ca70cf30dd1f99349d6d
0d4fcb264722a8bdf6f32d300ea348f222115299,f21ad546d96a560b95046e1d476fcbbf1975498c,22d68388884407ce7aab34a3f36027c6b47b0dd0
63e0a56d502a3ceabf80d6c51495c7e4dddc3949,d30e7e7d1a5d651aa271ab180f956b816c1e9149,e050d5dd790b66e37f1a357fcdb92cb99bcf4731
cd212a08a8e8d02a3bef2c200a9464fe93505e83,2c189b9d02ed3306dc61c6f3d16f5f1f3c3723a7,63e0a56d502a3ceabf80d6c51495c7e4dddc3949
c7745276853ecd2e3838655f3ef93e683e80723d,a468992a7976ae5173c81cda62c816c02b20a5a1,cd212a08a8e8d02a3bef2c200a9464fe93505e83
2532bcb3d6c0e1bdcb4b21b44f06a7e55db15b97,00b523ff9a124dbe2e2abc39c0322a17bfabd072,e898750079123e51a2121c9e0a0d104e67860e9f
32909bce1d2f2672cfeb60e5bcec53481c43f614,1e99f6b3893b9476ef5723b245f8ca8c24373912,2532bcb3d6c0e1bdcb4b21b44f06a7e55db15b97
f78aa608036cc5302f0562fbda92e9ad90e7a382,99944edcb2de98d8a748dece858c22d897c9cd4b,32909bce1d2f2672cfeb60e5bcec53481c43f614
a90f8bcf392592dadf06001037db7a72f2a16898,e453ba00ebeac4c9c584149fd5c160a792f5a8b7,f78aa608036cc5302f0562fbda92e9ad90e7a382
622bf0498600554a2b0acb11233c987e8dbb0d2e,a90f8bcf392592dadf06001037db7a72f2a16898,6e3fad12a245ed47c50da1eac0a0f0bf7d52b1fe
b30a2c6c5befeae90771a149c0e20f063ef13db6,da76755b67ee26cef47fcf5de5729d693cef419f,622bf0498600554a2b0acb11233c987e8dbb0d2e
e15fc1b145545d4fd39fa5e5d559206ef5e1f6ed,b30a2c6c5befeae90771a149c0e20f063ef13db6,f574f8a6bf8ea0a4b5d324266a8ab657aa0648fc
e7ea2ad89f8cfd69449222389fbd3174e5b531d9,1dd3e6c96f332f2751b38105aa3a0958765c06f2,e15fc1b145545d4fd39fa5e5d559206ef5e1f6ed
f2fd6dbe97105889b8ebeeebcb879165cf3a2690,ad8946545a0ff6e59049f1ba67d5e54bb81c305b,e7ea2ad89f8cfd69449222389fbd3174e5b531d9
c40ade9dcda3d73ab9cb0e469d235f5c1aebf434,6cf3742404df45ee2186f2bc7faf0eb7aaf99279,f2fd6dbe97105889b8ebeeebcb879165cf3a2690
baca1fc05cf8fea0f095c028ae88c3f082a2c9f9,c1dfa295c04c3adb7d01f79ca552b1ad6cbf344f,c40ade9dcda3d73ab9cb0e469d235f5c1aebf434
bc116a5c9f08571062a8d7bff533766cbd2db99c,7e9e60cd634d2bcde02ecef82314ef8d552fff41,d144f41e34a12d1bb0cfe50cbe1f32c3db6c0513
03f71e824f67585ccfba60d0caecf21ac71dd5e2,93e58d945228f79a2b538a4ea92bd8c9e871f1dd,bc116a5c9f08571062a8d7bff533766cbd2db99c
cff7425c117a4238d11ad2193574757f7472f775,7fcc6e3083e10781b64c6b3ef0abc26f2997fbc5,d6a4a2c7a84efe1ed4ce084cc34bbf26728f9ceb
a1703aeb49884e17a578ea455eaddfaf49ad1c89,a568241a6fced13d0b9e516346473014ab5d4f58,cff7425c117a4238d11ad2193574757f7472f775
266318fd365592eda67861931ed16645976143f9,262d88a208096fc2743f1e465c16ba2ac495409f,20732c9df50c4bea1f57afdc2ce67ed015c689d2
eccbce25dfc1dc4e655238de3a1b35b7597d394e,514d160a85d197b6c0f6d3211fbce8cb773b670a,bf3072842824ba55cf0009d68637b1e118610637
9272f3e6bcca61f09fb84810661deff984ce91f5,425b2d4f25805cb88cce8edd1c766ebdfcb278ef,eccbce25dfc1dc4e655238de3a1b35b7597d394e
61f227e60607d0feea9f94445a67c862fc86f36a,7b15fc96b005247efa30975917e212143302956b,9272f3e6bcca61f09fb84810661deff984ce91f5
fa45764be6874817aa9a480f7001bf79aa61e65f,61f227e60607d0feea9f94445a67c862fc86f36a,0b05b95a5a71fbdbd36df84494e6797cf6b5acb0
8d2ed57a9e482d90cb6e90cf663cdecbace2bb62,32ae848fab462d87c92c9b97d3d973c52f37e123,a80e40854af44872300ef8c729c11b90cc08e1ef
c7c3f858c0a568bf72c7968e527a9eeacd8a3494,8d2ed57a9e482d90cb6e90cf663cdecbace2bb62,32ae848fab462d87c92c9b97d3d973c52f37e123
55c7128c3b7ac0bb8d63df04d340797901c68023,ebaeff5a26a5fc1b58a7c7c1cb4483aceddace9d,c7c3f858c0a568bf72c7968e527a9eeacd8a3494
9636386ed6c6477a4b7ac7c2eae1f1de1ea3d213,e2e8742dc0069b5f73eb2f8e4388fba5a058e30e,55c7128c3b7ac0bb8d63df04d340797901c68023
c3831084c3d0ac13cd6bd08a9963e1c2a2a351da,4e1cb7b3f46d544e3f8cfd13956d29bd6444dded,9636386ed6c6477a4b7ac7c2eae1f1de1ea3d213
f854f62633726ab38d2795d0c1e805212a4f0d76,bd4cd3a98f696990fbfba20c0d4db6929aac5815,c3831084c3d0ac13cd6bd08a9963e1c2a2a351da
65f0045e00282d3a331bca96b08463aa1bff19df,15c0acf8de4240c2b51257cae37d7ea461d782b7,f854f62633726ab38d2795d0c1e805212a4f0d76
65dc6f22a927b6c103b48f6e98d77992918ca2e7,337cbed5a9caae2eb6cdfb71b239ea5359ecfb3f,65f0045e00282d3a331bca96b08463aa1bff19df
c0a31d3362cbc2c0d62b90256df3eca8bbbe1dfc,bce069da009b30e44174d1b73d00c516794e605e,65dc6f22a927b6c103b48f6e98d77992918ca2e7
2741354ebcdaa911d5e8d73a77c5b85f2d0ff1c1,c2cbe6b6474678a3ba194838707b4573ed71cb74,c0a31d3362cbc2c0d62b90256df3eca8bbbe1dfc
a114b3fdbcf86fcf88a423a5e0d9a8e667167ce2,33809bf10d860eee6fa67ef00958da0eae1aef01,c2cbe6b6474678a3ba194838707b4573ed71cb74
718f01c14bb585470af0c7e4d63e7ca062f7dd3e,04a14d0a89638a0a74c07e61e4f6923b024bc9c4,c0a31d3362cbc2c0d62b90256df3eca8bbbe1dfc
87a615c3b86c3e33bd885435f98ab33483f874e9,b174344a66665bd5c7e6ad3eff11cd2c9d13a1ec,718f01c14bb585470af0c7e4d63e7ca062f7dd3e
f4ad11bffa6d8fcf1ca0b36015363f6f7a86a82c,5e04e3b5deb81f7332565d683c2d467141a65fde,6e91a826c5afff12eaf0513f52b14a4b50a24942
874c1756d36e779990b6fd0b28648b82ba3bd98a,6d10dd3465180fd848ac305be9fa6f06bf2e0ba9,f4ad11bffa6d8fcf1ca0b36015363f6f7a86a82c
7333a61d3f12e1c347627bf2df5a5332b4a83fa8,31894ccbf46172924eff74fdc7dc5572f87e3d82,874c1756d36e779990b6fd0b28648b82ba3bd98a
e0a1feba3dece4b1965c878736e834b74f3014d8,0399a072509bf420a0276e4727ab5e8ee58095fe,7333a61d3f12e1c347627bf2df5a5332b4a83fa8
7853021df52b2c229657748471c0a433c79b231b,d5a99cb69bd6d30bcbea5b15a74926d7be8ec513,e0a1feba3dece4b1965c878736e834b74f3014d8
4bb81959b17a3ea0b41002b888739dd2207c6b5a,457df9c467db22a48800c9202aa6d2c13b8a3526,7853021df52b2c229657748471c0a433c79b231b
5b6cefefde86a028ef276892247db0bac1cdc725,fb6245d6cca5fbfc2f6536ca265e825957fff15a,4bb81959b17a3ea0b41002b888739dd2207c6b5a
059f033895ea03695f1e56fea792f25585ae8b07,569259ff0c93d904a8b0be1cd0f8cd97d1db47c3,5b6cefefde86a028ef276892247db0bac1cdc725
c8cfff99dbad5b8eefc37e646efa1cb1dbbe7e30,948e25cfc7a1531801fb473d912e7914c62e2ae8,059f033895ea03695f1e56fea792f25585ae8b07
a5e55ebe7e2c79de4a7a589011002f8a139102c7,ded7e8001d1e77ce70979adfa0a987bcecd8daea,3e12dea27ca068079ede1e8e6da392166873ce38
a35e7b0ada68f31ad2f91e4aa8f58a9949cfecc9,c8cfff99dbad5b8eefc37e646efa1cb1dbbe7e30,a5e55ebe7e2c79de4a7a589011002f8a139102c7
0ad045f2bb9ce86b7f66e4d37f40fd415943031d,a35e7b0ada68f31ad2f91e4aa8f58a9949cfecc9,c8cfff99dbad5b8eefc37e646efa1cb1dbbe7e30
cb3dd332c7b9afaeb3bb104496418fd50510a016,7d42f31924266672c1d661ce6cd07334e6eb85e1,0ad045f2bb9ce86b7f66e4d37f40fd415943031d
6beb22894e1a690732015de9acbf5f37e62ce2f7,a2d142d7e648fb5d0f8bb391525135ab8e246aee,2ef2b28ad3b061dda7980ffc3a9e030712aefccc
366d1ec51e6dc9832057456f29c9cacd1d1bf695,078321ab5c16807ffadbd00072333f76ff8a1d56,6beb22894e1a690732015de9acbf5f37e62ce2f7
4b6eb976ae68e6aa6f55aabb3a6e9200bcadd3fb,ced6d5293aeacecdccf3bae06ad2136ebd1798a2,366d1ec51e6dc9832057456f29c9cacd1d1bf695
c815ea678d60631ab1a124d8e96cc75ab416efce,d952527ccb5cbbf8245d28e4658794f8864a28f7,4b6eb976ae68e6aa6f55aabb3a6e9200bcadd3fb
832812c2ec0a074ec17400fdc473dec645cfbdc6,7d10a6341f87db65d636436aedb19f686caa7de8,c815ea678d60631ab1a124d8e96cc75ab416efce
3ba28a912a763ff973e3d5ab63ac35a64462c117,448259185594ed4f0b9ea2c6be9197ca3f5573db,c0c6d0e7b0f175b800925472be4c550e5a39567d
7576fa3dd4c0860238f796e9fa85490db7d01ea2,f6f1b0dacce60e19cfc39e562c9ec8c3b106d239,e96943c6c0020bbe75925bf37535244390bb0901
d9c87e1cc9b192837942ec658910cb7465b526dd,a9be6e0eb9a191ad610c3f4a45d9d72ad3850402,b43d8b538462c28471beb74533466b13586a30ab
9df3c53bed69f614303ffaf64753bae917743166,04fd1ac960da6b39dee764bf3dac706fbe73a873,bfdd9de352ae212dcced778c639d43c98d434e00
4062411c05fe13b087a2d48b310f4c0c805c85f1,5ffb0b076c931827c8d6a3c45604b69e9bfa9687,8c06d353e88d6309c0dab21baea3607a3c4aed21
5b62f2f76b76bb9940fc46f1a4baedf010852a7a,f1ab377b8505d5499781a919147ba83896d862b8,506644a6abfd9b4f94d250e043d4fbb700f2eec3
304f694a697db212713ddeba1734b76c0bdffc03,2f341aa346dc7aa4970793b3498c17c10f657dd0,f1ab377b8505d5499781a919147ba83896d862b8
da2a08d0850495ca428cfce27a934701a1a48291,5b62f2f76b76bb9940fc46f1a4baedf010852a7a,304f694a697db212713ddeba1734b76c0bdffc03
77d75e51e82bb2286590633a8b15cb84fe1edc20,da2a08d0850495ca428cfce27a934701a1a48291,be2bac0d4e310106f81c6b50eda94d39cd091ff5
5cdeb42eeb13f8741adccb5cf341c5bee7974a36,a87843c34e7563e48a249a459a16365ca7a97cc9,cb99009b08b1488d0293a96d258d2eea5abfbe98
57765a60495776af3b427582120d1417b5dce227,898e18ea7c14b9e1f96deed857254712ed70287a,a87843c34e7563e48a249a459a16365ca7a97cc9
d45f29be37307f3b3189861e75f74e15d006e25e,ac39f0d1e352ff566fd27463fad23c1f16933e64,57765a60495776af3b427582120d1417b5dce227
9de98b181ef77c4b6bdde751b855b5c27a1b16b9,2162987da4869b299f9d40d6bcec8f6d073d544f,d45f29be37307f3b3189861e75f74e15d006e25e
4b90839035aabf36837544935ea4a7c9d7f04345,c1541be6adc2f8f81d169ca579d4de5ebf8aeb33,dfd8661690261b897fb448a94e2619f2de5359b2
c5c4d6f4eb29d1aaff8c235a1fadf1aacd2b056d,4b90839035aabf36837544935ea4a7c9d7f04345,c1541be6adc2f8f81d169ca579d4de5ebf8aeb33
117398964e79c17f976ed5297e001a6b0ccc5889,2d6622315a2a420c2cce7aea15b85232fd6b23c0,c5c4d6f4eb29d1aaff8c235a1fadf1aacd2b056d
68482b3a7e7cb98a45475dc13f06db54fb209709,daef5dea5d5ead0d1585b738623f9e395c0e7d90,c6746ab4876e327a01f5bbac13ee5a248b1fe991
f27643d6965d650c1cab68a4d68b649cc37d8b16,68482b3a7e7cb98a45475dc13f06db54fb209709,c49fc5b2fbebbf996bb3cd1f697105c059e659a1
6c095caa8c02a2703e26da0f863307297a5260ec,3cfffa2adc18b1f3674cda61ead64277ecf6e295,68482b3a7e7cb98a45475dc13f06db54fb209709
fabef48272fd05bdccd627a15c3fdb80e6b30737,ef035fbef0af28c450de2f11568e73c5dc67270a,6c095caa8c02a2703e26da0f863307297a5260ec
0bca2f3a46a7b04abb21a084058af2dd3b43b7a4,fabef48272fd05bdccd627a15c3fdb80e6b30737,daf1b2196b510d333e02ead713afee0e4a5ea097
183b9d802908b83d5daeb001648837936c2cc486,3f69332980d9a924d9bfa203baac3fa203765c14,cc740d120ec1d8dc2780227b2133877efeca2d1f
e7bce0317e0b48a1e0c004752c37f8c586311a23,3a776a6c8dae36d4712293b1d777d005674f5527,183b9d802908b83d5daeb001648837936c2cc486
72bb013de7a55929f9a77f3bb3dc99375c97a293,a2ce1e9b9fe4cd846c6f2d2819c5036d2d1eb182,e7bce0317e0b48a1e0c004752c37f8c586311a23
d1386355cf24aa7360b14539e673e955dba6cea2,72bb013de7a55929f9a77f3bb3dc99375c97a293,5ca0245f70d1885e4c9733207a7dd06f3041a786
1bbb5ff1f5fced8caca76063c1d92186451868d2,ebdab84b1e7043940bb63bc81de0758f4a1edb9c,30607d4c8f0ce6c98b45a380fc6e71cdb793374e
f620e905c62d9714cd0d8a2921d2b63f075652e3,8393ea76ad48bc4f95edb5f093d0e328da6618b2,1bbb5ff1f5fced8caca76063c1d92186451868d2
e79d5dcb4c439fc819ea2d0e8ecc9c33248b327c,5e912dd16b01179538e9125dff727c71ead214ec,f620e905c62d9714cd0d8a2921d2b63f075652e3
666798e0413b97ef7eaf68da845602f0592a52e5,70ccbd656f531bf30ca223e6b91d42607fe413e9,c53f350ad42809d0549c260f838d1fbe273c2609
cef711fae344d09cd60c4d45a999f77cdc5b0178,666798e0413b97ef7eaf68da845602f0592a52e5,300cab8c4f39c49a0e4c03829a8312cd66f8b4ea
707f970be1250a159f5868d0074af06549afb2fe,71749b627c0f6fa692bb8e9999e11e5f79ace9b2,a3eb0534cab8f12821d812efeff11f30760d0bb9
ed6dc12c09d5e86e153478e0ae6d6b4e4e63d408,9d68452cff5616107d1ebd24d8d94d40e89ec736,76eedb20bc5dfd023b0f506403ebc59adffcbac1
656a244fd52456fa7edc8b95723fc9b597d68a7f,bc6fd28a016e380c49e2a6a1d288dca96195877a,ed6dc12c09d5e86e153478e0ae6d6b4e4e63d408
edc8e0c5ce9d31bd386287ec7721935236bc7694,26a41f06a37093b71ffd1fe934ccc1cdfd7edb61,656a244fd52456fa7edc8b95723fc9b597d68a7f
78f4200c839c618c8084d6e40deffdb9a316254e,26696b641e1d2a98f902e3440915acd0b0675a9c,edc8e0c5ce9d31bd386287ec7721935236bc7694
0f14ceda3973a39378861402cba834b8c8ae3e01,8fcef282cdb694b4d0a5e5d95b61806f9dad3c23,78f4200c839c618c8084d6e40deffdb9a316254e
0fcdd63215065b16de718578f58b3fc985b97511,710f31fc8d3ac82b00b7871f00d43070158e32d1,0f14ceda3973a39378861402cba834b8c8ae3e01
be211e4c6cf218e8ab2c1ebe19abe9b15ece59c8,0fcdd63215065b16de718578f58b3fc985b97511,78e74c2a965e8559374907459e062a8fa2a824a0
5ee354db6706562849710b6fcd9b8ec91a3916fd,61f41ad52bd7c10daf4f6b6acfdd7f26eadabb38,f7817fe1970e9e3190bd0289ecded50725270408
17752cf95bfeadf91cf87d5a88e2e3d465162e88,ac3b04540ba2956251abdcd86bbef37fe865a1a9,166963e07507730734b568c950e04f87ed669d8f
1aad150d0d3ff0b2b26118bb5f5c044bb9e36f90,553b6a3b36c887d847261af4bf0f8415815537b3,17752cf95bfeadf91cf87d5a88e2e3d465162e88
4bbe2c339642787a175768fcf69a18f0e08cf873,1aad150d0d3ff0b2b26118bb5f5c044bb9e36f90,88dbfe1717a37f86f70e38f346bac83107a66fb9
78e137a7528e0595bd19087198abfa6a4e7706ed,3ac8d50f8c277f558230466373b42748db0bc72e,989b35ad41ba22c79b0ace77aebef5490a5091ec
10a2878b157e5b55389d7239c37c4ee297fdc5b4,acd33c96fe04a3ded5cfccdb8561d0dd2f85a73e,3a42acdd3e12185af361de0a4b4a399dcbeb391d
6077c6aa7bf06b2b8c13fbb4355e094dea436b7c,f4ab8b501c376a09225cc87aa06b349d752af59a,10a2878b157e5b55389d7239c37c4ee297fdc5b4
a42deb5f4bcfeb6d749b89b93ec6edddbd2b63b5,0834d179fcd61528214bc42f01ff9645bb858762,6077c6aa7bf06b2b8c13fbb4355e094dea436b7c
a15fb921fd68c7743a843f6bca9a2e1f5f264ddc,ea4c0864a86e511928c674a0be6dbf911c11215d,a42deb5f4bcfeb6d749b89b93ec6edddbd2b63b5
f4cbff2a4d8f50269c572bf2bd87ef341c412be8,eb44905513005f1b0b297a2ca5dd0ae79d44b3da,a15fb921fd68c7743a843f6bca9a2e1f5f264ddc
e93ad40cbf81ca83132b5ba8ba8e1767dbe3be1d,8e6b5750d029a046210fb0417c13c5d25a6812ed,f4cbff2a4d8f50269c572bf2bd87ef341c412be8
2b3a0620ba6c3d32f347f8cb68e87e1608f46be0,dabe9abe71557263160924a3a5c0bfe1a59a694f,e93ad40cbf81ca83132b5ba8ba8e1767dbe3be1d
326e53f09529f7c1626930478999bfafbec17664,16a92713575b071e1a10a2c098cd89dc46b961f0,2b3a0620ba6c3d32f347f8cb68e87e1608f46be0
7178e2c6f7fa54a0aa0b308cd54408b34d90cc02,326e53f09529f7c1626930478999bfafbec17664,8320517fb7583973606dca39bb9e861c6ed2b4fa
6fbd6ff9decb6b34392e9d527ff5439fe9f341a3,e4e8030513426f0c04f376df1f69fa251ed70af4,e83f35d9bf6c2b875c5a75d1482f0850db0bce87
1bdde80739e5f54d23750cfb89c14138ba5bf505,6fbd6ff9decb6b34392e9d527ff5439fe9f341a3,d474673995319759c768b0e4440bc9303f9d1e2c
e096b74a6ea6c11171c079276f4712a8daec67cc,1f9f86d054f71032a5ab071cfde1d387538a5efe,1bdde80739e5f54d23750cfb89c14138ba5bf505
27e9c23ca9cfb509190d9c344af5f4ad2db8cd15,7dc67599692ac5789958adee0645757c5e008da2,e096b74a6ea6c11171c079276f4712a8daec67cc
dc66f554766fa673735a3881c6f3654f8a39e2c8,753d987a66407f46dc78c88ff54863a67eb1f908,d59808e835febd0feda1dab0456e26bc3bf9602c
b6134c21a44ceef9f9a60c8b1269c2aef879ae8b,151e87249b8cd49eee267a46a346fa7f2502ca37,196a85425f6ee24505cf9d19f593d1474bdb5d7a
604ae968c40a31eb56e93a96fc0d495a0b45a7bc,9fe5b76d6aee2a0b795a46fcfef4e2cd616f0302,151e87249b8cd49eee267a46a346fa7f2502ca37
ad1291ff79065c5edca5c7f1a20d986351dea2cd,e5db9e40e1ed7878e050373363f78bed64a06d74,070372cf8fb119fc4eec4df92bc3507aaf3e2ba0
496e1178ea2792fcbe88af44803b2a572da8d0ac,0e1b0e07f9e01064aae7da10c501354306cc3d4d,ad1291ff79065c5edca5c7f1a20d986351dea2cd
c65d6d1445206cb87d1d19b1385baca73ad5b1ca,6fcdf0d7c8f193fdbcad00a7a9317bb02c580aac,496e1178ea2792fcbe88af44803b2a572da8d0ac
39bff985b6045ad53687a3c7c831c7b4c858220d,99ea4e5ba2014727ff1ab5fc3da3b1249c839421,9f9bb35acfab70b0a5d082dba8bc19779884fd3b
bcc3eba4a28ade94a0c555ee21d97c3beb8de7d1,de17edd8591e69e7cdb082c8df29fe5356ae9139,39bff985b6045ad53687a3c7c831c7b4c858220d
a44faadbbc816a07c080dea5f8c6c808a7f6c5cd,23a4d491d12ad3c0966493bf5f9852f5e1a5aae6,bcc3eba4a28ade94a0c555ee21d97c3beb8de7d1
2f96987fddad5168016cca2d6d0abaaec790793f,ad756bf0f78bfe4feb26d862ab5b49799452c2b4,a44faadbbc816a07c080dea5f8c6c808a7f6c5cd
6bc22c4fbb76e56c804173d5b50560ad970776f5,a947934ce9228579d34af082fa1bce577d728c25,2f96987fddad5168016cca2d6d0abaaec790793f
eddcf3e4769af9f4143e234ab26096dcb9cc4e5a,7f4d3fac3f015aace8d733bc6bb70991aab77a60,6bc22c4fbb76e56c804173d5b50560ad970776f5
2f15b182550d6432ec0b2b205657e1c9c62daa8f,4329b764a82819d570487ac9ffc3597a2c42d8e0,ba17f5ab3480fc920e25aaa11f2fc366bb91f520
f60dd56e6c46bbaeb3bb50c2c71a6b5276fefd35,b3af51b00e1abbdafbd789d79139c2ab7fd6662a,ffea1a09660de375a4cab56a4a39fc139095c4d3
75a5361f6c3dfe15a974278ba15be0cc5313740f,5839bed71d348791f7692cc238a06723c395faec,f60dd56e6c46bbaeb3bb50c2c71a6b5276fefd35
bc7b16509bdb204bf31b16b90c64f7579218c8a0,68a10613487e0130806f33ada62a8875a032a93f,75a5361f6c3dfe15a974278ba15be0cc5313740f
f8030793e6241d761d57abc3cd47cd8204c721f7,57a96c1d239f09cb64a70234eaf18683ded4e3f4,bc7b16509bdb204bf31b16b90c64f7579218c8a0
3903b24d89e37cdaf0d75ed04f90b5340b789b62,ac7ba1864fbd91f38e10e12ccbf10f3f60707b55,f8030793e6241d761d57abc3cd47cd8204c721f7
f3a08c9a214dc4d8f41d1ca0000a748344a70e88,ee76cd16f24a169a68f54fea506aaba806004248,3903b24d89e37cdaf0d75ed04f90b5340b789b62
56ad69ac12531ac3bf30b1a43787de820c78ee9c,f3a08c9a214dc4d8f41d1ca0000a748344a70e88,491a24dd4123fde49f1499731a8bf11465aceb40
2af0bc8c53374e998484403895b69046e84e233f,35625ff1f6b524af77409b7aa910d9030dcd587d,56ad69ac12531ac3bf30b1a43787de820c78ee9c
89cd47effcd1a6126fffc8b2dd4d35044320bb0d,34313979f909bf46872c0aa826210fa11ed7c75b,dbd0c11748c8ed09d616c160ea25484c5f419458
d4ffb87158c5e05cf3de33e7bc3abf2b9a72ad84,c3a3e6c7349c4047b096eea793d329ea9116828c,89cd47effcd1a6126fffc8b2dd4d35044320bb0d
e66e8e65e05a0e029767aae52e53f4f02f2da5a3,b273e90a328202c52d133c30629f4d630071e8ed,d4ffb87158c5e05cf3de33e7bc3abf2b9a72ad84
05279f37c91d4a648de7ff47a9bd39ca06cfd52a,2199c87a685a0e22d243dad24a4e47d705d14290,e66e8e65e05a0e029767aae52e53f4f02f2da5a3
ecaecf84dc06517f757e61c27b6a50710d065438,dd43e2781c3fb813d62fc9b90997b3046aef6589,05279f37c91d4a648de7ff47a9bd39ca06cfd52a
4717ae8666eefd5f562d4b1cb67557864b52bcc6,17c794aba8e7fd34021fad4c9a6460fba8b507e1,ecaecf84dc06517f757e61c27b6a50710d065438
9378381016bbfa034173c2f27c165c8ea495b3ce,27f22c02d20bc1df3ccedbf42f46602100e90f0a,4717ae8666eefd5f562d4b1cb67557864b52bcc6
103f1079cd783f7a37a7222165c4e991bc00e812,3ef0233d55a33abdc1917514f1d8232c22b55f36,9378381016bbfa034173c2f27c165c8ea495b3ce
fc745f8226b9d04effa10c5c68ee65b1b3f62a9c,dc972815fb44ceab72db7cfb3834669c649a21b4,103f1079cd783f7a37a7222165c4e991bc00e812
f83590674443dfd9c5dbf79bee1b8ac6dfed1b0d,e53b688e5c5f74bfcb1541e08b397337ce45819e,b212512b6785e8b27f18b902995a911a63ec780a
7f31f2bbdfef615303813b9aea1e407ef1ac2b70,02468258d49a56f5645e7c1a22b645bf0b3ba825,f83590674443dfd9c5dbf79bee1b8ac6dfed1b0d
12d75a8e5ff1a69cd1131117a53b9cc9411b0f33,7f31f2bbdfef615303813b9aea1e407ef1ac2b70,cd4addfc532fcd7bd21b0357092bffef35947030
534a057a933d6b4b680aba19ac4e47f3f2f28619,d0ce4033f728e88f507d57ac57ae1a4a1413f294,12d75a8e5ff1a69cd1131117a53b9cc9411b0f33
aa9f7cae808ec4ec58f183ee1e5d1b629679a5d9,394e171faff9f46ffacf81bf08504c90488f7dcd,4116c7968b9e9333405144922e1cef2e826bc849
c7472e3fccd4f16c1c6cf87d2bb4494a1ba1500a,3099f4cf3c799fd200aa1e61adc5f384b757c507,7c335c63e4f4a7b6001c40b156b3edec56fa2e63
1800432a1cd6ccfffd9bb7edaebf8f25e55902ec,8b1eb81e86710b3111bfccd0af68a5c2ada1570c,ccb86e6dedecf7fe2ac2e2382c75947958094e98
7de52ed0e7092af61662d92e9794e5afdd90bfb3,760454df83e78991a5fb457b76a755c6a33e5a56,af8e1d1b1a464b2e5e37ca9c9a827af50a7bb3ea
357f849bae185cf6b09bfae176a0d1082afab58d,ea93ab63daae814a8553291758a0870d03c340cb,308e77cb6e130fccf0fe28cbf63e5a8bf51d7fea
dc1e644ed6448bc46c6ef8c73d3a20bb5ef86996,50b1c07fcfd01fd7aa2c0f2b0cd7a9f55af8dbdd,357f849bae185cf6b09bfae176a0d1082afab58d
483728bac47627aa728a9b46897fe1ab86d5eb11,dc1e644ed6448bc46c6ef8c73d3a20bb5ef86996,8105a99b98fad950e83f11c6bf5a714426d301f2
31049cfaec7ebc58c1964752376a2f27b0bb5643,67031b8e503fa02db9f593b61beb1e83bf83ec09,b3e15c3d1d51e3faf74336d8c82860e022f6bfc8
b954a3178751b5fcf051f4c0134774cc51ba5fcc,31049cfaec7ebc58c1964752376a2f27b0bb5643,15edc87c9d0d3c5ac0e53d15de7536bb57f92efb
84838a87cc598a9a9f05f68476cdd67b31e2ecc2,b0514538aac530f1a39491f95cc0bed083ed0163,64a7296cea2e8efde76637b1caaa007e8a4f10a2
03077daed514b3a49a426afcd4143e2c37476e41,583228cdf06b5a3140628b6e052359e4866c451c,bbd4c21758709079281a42746218f03cee8e2f5a
262ea42d65a94574b1f74629d6646a3bbeb7c143,305aa67b576d9418aa811acfa868492f33854f37,474b36afe3b3716ec994739bf27a350611cbec4e
a387df4e19883c265d92cbb8577f0dbd05bcdc35,29afb2c389341e58086dfddbc235e6682dcc1e0d,d3d577a1b756e45d1f0d9edfa544ee697f40d7ce
1a32dfc8d4deb0ed01bf66106069cac59c6d44a2,b173af365c44643465cbc1102fe0d6cae0091766,de10c013b2acbc41afbd5f9157b94a3edca1879c
304441c1c597f0fb5739b277884ee6a3f91e09d5,0c2f1a79ca9b8468e7089a50cd22323f99cfb42f,1a32dfc8d4deb0ed01bf66106069cac59c6d44a2
541065f1bfea69877d5a9060ab23e20c9146f04d,953100a0b6f8f060f57cca43c5d56726226304e7,f32c234cc475f3a132ad5e5bf45fec6f6137418d
a20f79551bb1ec39d12bda4d835918c2c8be2967,fc479c71f74a275d2eb22dbec2c177f972ed46c6,541065f1bfea69877d5a9060ab23e20c9146f04d
7da8ed582941430b7dd870c315db5b4ae3f808fa,4f73e516842d451e0a671c7db2bb274907f36827,a20f79551bb1ec39d12bda4d835918c2c8be2967
6857a9320ede3c615ff9eac7fda90ba92147aa78,2b4c33b097bee34eada2f12e369f368b228829e9,7da8ed582941430b7dd870c315db5b4ae3f808fa
6472ec5762a659ff6a2deabae0b1b57da527dc7d,840828cc2f4de0a242626a94d82c4c08af86ca97,6857a9320ede3c615ff9eac7fda90ba92147aa78
1979217d767388dcb18b978651caf8c5bb966662,cb06265960d63e7e61d5c352d40a6e0ca838066f,6472ec5762a659ff6a2deabae0b1b57da527dc7d
b0d4fb7468737f9845769eb94131670220deb17b,0861aaddf4e54e8b9269b7c091b69e551fc0f32e,69ec18572d4c58750e778341f76ebeab6618156d
bdc20183b57dd760d572ac1fd031ece559751dd2,4a1556af43742621ed3d5c2388db9ddbf8721a6d,b0d4fb7468737f9845769eb94131670220deb17b
aff250d9526308ffb3a059609484681b30298bba,bdc20183b57dd760d572ac1fd031ece559751dd2,945f5e20c9f47995ccb306c4ffd99530f8b7d918
1460a8f15f318a72814666401a4e46fa7c87fe70,521f7516792d03615a27c23e816858762243ff36,e8615d026cc37c260e93d0f175fd91d035b82df7
a69f563b96d8436947f4d7349d85760060dc9925,e26d72568bfc7c4d2e335e8930c1173e1bc49d62,1460a8f15f318a72814666401a4e46fa7c87fe70
ad4fc12f6c985fbaa46669db7d61edb936a7ce16,a69f563b96d8436947f4d7349d85760060dc9925,e8615d026cc37c260e93d0f175fd91d035b82df7
f4a00761a400f56e7aded0f1d7826ddfeeb129a4,f0cc04dfbf3cca92a669f0d250034d410eb05816,331f5933395f003017c393925d4ac844265418d6
d9bc1994ac98bf1738610330619a0e9136c8a31f,43356603b9b082acdd15ea59b1b03d6f7a5c33d9,f4a00761a400f56e7aded0f1d7826ddfeeb129a4
f23db8699f6fc05687eddd60a041a7fd80aa1cba,2d530df2478945bd666a2d40e65ea2043c67a523,729368c2044d3e4f23ed1361c98872e5326650c0
a4e4da75231952defabf8de7c49dc2f00adc40e2,a69f563b96d8436947f4d7349d85760060dc9925,f4db52c68a15c4c387f2a1781f1b9a788497a8b3
2447cbac491e2d6c73dfcc34bfa67d7d68ffa47d,fddb256574ce379eb542cb7c72d34e370ed807af,a4e4da75231952defabf8de7c49dc2f00adc40e2
83b7af7dee75042becc1bfb0bf679497168643f1,2447cbac491e2d6c73dfcc34bfa67d7d68ffa47d,fe1c8640f82626f4776a8115704a7b4db5d9af7d
4c912d6e996307a8b29da0fa50c5df6f4adbd1f5,064ac761ec3f3711611dfdcf571250df2016ae45,f23db8699f6fc05687eddd60a041a7fd80aa1cba
55357ab63bd0ccf36e75d3a8401f1916184820ac,43b08d168126c1c3aa76f41034b5d64e6b509e07,4c912d6e996307a8b29da0fa50c5df6f4adbd1f5
10b0e2669aba1c5cb630d0e0bebe8b44c2ed96fe,bbec432c123eba31b2cce0b4edd76d8c15fb5590,55357ab63bd0ccf36e75d3a8401f1916184820ac
930aa6a11972b5ece8453726cd34fd6dec8ab087,8b9f85ead2c03b047dd89f6c7a76c2424fee1f95,48be9a1bdaa8b225f9f7e5647454d7bb82b4315e
6bdcee401f7f173a1a6eff96675c49eb2b19a8ca,c2d938fb0d63f5c6c4d67dcae53158dc59ef9130,930aa6a11972b5ece8453726cd34fd6dec8ab087
63c8a4701849e2e947a6b298641edad77b57d74d,3faa17df2df571663e102272ce9d2bf1a6ff0a7a,6bdcee401f7f173a1a6eff96675c49eb2b19a8ca
923e9f3f352e0f44058e58446396b25346594f48,5472686ea433ce3901835a29db4635920b07c034,63c8a4701849e2e947a6b298641edad77b57d74d
59e73afe14b61d13b5248811738f27ca2eaece37,903d790cc289acff3ee891455beee70ca3755008,923e9f3f352e0f44058e58446396b25346594f48
bf712286c98127d1ef0800ee5ca79c31ac19b53f,569a8a12108a978a065e9b890bc161572035da0c,ba0de09e2d1793b53bda3bccca6940bd6a8405e9
f1084528a9297cff46e73eeb51171d9753f890b8,307a0becb21bd6993216b569ab9fdf066b78721d,bf712286c98127d1ef0800ee5ca79c31ac19b53f
47a41c8d5daaaa02164ada5fda8ed3a70e9eb1c3,324bc5e40306dbc3f9711fb3b884417ff6dbb68d,f1084528a9297cff46e73eeb51171d9753f890b8
b763f838827437d2c2c37af6e96abe38ed42624f,0ee41df004adf797236be98c40dce60886867964,47a41c8d5daaaa02164ada5fda8ed3a70e9eb1c3
10931cc1aecccd225ecce48dd966f7eadb58b8fc,7005aa9f399c01d2e31bbef18eb226123b58b696,b763f838827437d2c2c37af6e96abe38ed42624f
83f2e1ed4f536a2c7ba967a1c9dfd79f02213437,849c269b1f12e6ec0e83538968970150b28a7254,10931cc1aecccd225ecce48dd966f7eadb58b8fc
131cc3fc83536e7e05e6c7d2d73ce798ea705245,47fd55c49232648ac4ea9745524a348d7e0f8ec4,83f2e1ed4f536a2c7ba967a1c9dfd79f02213437
c8f9e19e8a4350baf4f2bfa3bc863d758e1656aa,2fe93c46ae8755bdba450266432ba4fd481e6304,131cc3fc83536e7e05e6c7d2d73ce798ea705245
d16aa4da806b5ef71f50e0478f9ea1054bd0152c,dbc45908928232e807316199c67e207ff3136a44,c8f9e19e8a4350baf4f2bfa3bc863d758e1656aa
439ec531a0329fc8acd8b686c3a7e978198094bf,e2a60bd61aa13015cb4cfd7ae2fa9b904a1ab644,c779a42b4822dc7f9dd19e7eb4af26d150e43d73
c635aa89281e6a23ae797443852204b8ab7d23e8,1b1c6525be7a14e4d1a37302c9003920e3b31a5b,439ec531a0329fc8acd8b686c3a7e978198094bf
a23297fc4ab3b9e63ee979751bfb63da26211f7e,dc1d94d07e11d18f8f4fa1c537121633a78226b5,c635aa89281e6a23ae797443852204b8ab7d23e8
190c767e4f10ba7ba5cb266edf409e70cccd738f,89700312cae03e7480870b79773a845b562797dc,a23297fc4ab3b9e63ee979751bfb63da26211f7e
7d561b66a5da076a565bc20099bb79d6a888ec47,587099103339306eaffca99ac356c8a75bc2d54d,190c767e4f10ba7ba5cb266edf409e70cccd738f
432abe0d6f498af39bea1fa5d9f024654c0995ba,06cf15990800b3464ebe08d7cf4bb869a0a99b71,7d561b66a5da076a565bc20099bb79d6a888ec47
820d8ae0347ac92dc592957990845ca93f240dfa,85a0eaed7c4ad65704493b010978ae17901a003f,432abe0d6f498af39bea1fa5d9f024654c0995ba
c493f059ba2f855cded7ce5ceb0e3b08b07adf5b,9b6ce4b84f68a638ea9d64b9117863803353ac46,c997c35d04a2fcb4deb921e516941811b2e36dac
0389ba7f6451e3fc1035a7735200fa556e51af6a,2c1b7287912e570ef5ef9aa7bd3912b766dd425f,c493f059ba2f855cded7ce5ceb0e3b08b07adf5b
5902bebaef8f961326bdb0cfa267d1eaad69c90f,9209d8f6efa2d16919496dfda3291ba6f55ae4eb,0389ba7f6451e3fc1035a7735200fa556e51af6a
7c286f4296ba111df9c753f225b62b451e8f6fbd,924a5efd2038b2f9b3f2400b42b8833f0a9c94ac,5902bebaef8f961326bdb0cfa267d1eaad69c90f
96789e1797f91f63c38dd1371734b23cc52e57aa,9676cf6ebda1097a8a104f89f45201a6f5304412,4890ec5dd2e0e3c1f68ba74c345200689694c527
f49baf534ebccc12437106e3fc504af95f20060d,ea762cdadad08d52651f7da0bb95608979d84e23,96789e1797f91f63c38dd1371734b23cc52e57aa
b7ce4a8e1f76614a85b9ef763c07f20a9164cd3c,bcd0a4c3c8d7a6edaec796f8fafe56d082c994d9,370d39c82bfe07f70d4ade61fc6ef8beb2a54117
53c24f08ef1b6836b3d6f288f89bdba0fbc12ea5,6293f881e134f30863f31ea2d3314948d4c1e2d6,b7ce4a8e1f76614a85b9ef763c07f20a9164cd3c
6006da839cecde053bda0083a36732fec31e5a4d,fc2284e893138bb1bb6c7437ea02b1a57873be2c,53c24f08ef1b6836b3d6f288f89bdba0fbc12ea5
5e313f36731576d46b93f349543de90ede5b8798,9889e409274ede9adbc4f84e976a2eddf35fcadf,6006da839cecde053bda0083a36732fec31e5a4d
bd173c847e70fb78f6ad807217ff2e4d59135b7f,5be5ec2cf944dbda606437d612365b49d7709eda,3f8dfd7a310f31f2ec0949f2eb20a9d116138689
5376e8ad2595f1c18eb5c14bfcf48e75fbd93de3,0d4b94bce92f42c2ff0e0f914fb00d55cacf3e37,bd173c847e70fb78f6ad807217ff2e4d59135b7f
10e851d81cd34c476f77ce60f881efc57b4e8d13,11d73f80e04f461e14d4aebf79a22da2c813b009,5376e8ad2595f1c18eb5c14bfcf48e75fbd93de3
94db8ccbc0e639602df3bfba770fb96d77cb0524,46a6216f03bb05c5596ebfb8929d332649de01b0,10e851d81cd34c476f77ce60f881efc57b4e8d13
f4742ddfe178e3f968050b73c8f9208c2c9f131e,6034ba74e35f4fc4de4655e9a4257171985ce2ea,94db8ccbc0e639602df3bfba770fb96d77cb0524
7a02fe70fa65e18dd01b85c24ec01bbbea68b24c,3f3e29c3473d99b62248a52f09acff388f35f5d0,f4742ddfe178e3f968050b73c8f9208c2c9f131e
0b83678bae72902b48312fd1180efa433fdf6961,dec73a6828a37714fa6290f2de7c92b246cd6a06,7a02fe70fa65e18dd01b85c24ec01bbbea68b24c
cc01e1870c2d0392361079a4a1e315d0cc29e2b9,5df8cbb552b2b0ebebdeca251ca8b122c549de51,0b83678bae72902b48312fd1180efa433fdf6961
fb70031419b58d5d57f93100894b5f4df6fb0e4a,a90535bf25df7544eb1229a9314b57c335ce38e2,cc01e1870c2d0392361079a4a1e315d0cc29e2b9
6c5f2c729ea950046b78ee2d71c74a5eee480cba,2f756fc98b0d9f3abe209163c0f080d5d3e1cf4d,fb70031419b58d5d57f93100894b5f4df6fb0e4a
24dd96f5c13d464e27bfdae8dce11ec39560398d,e3a0323573a6ecb57dad55e3a572a4cdbb6d89c6,6c5f2c729ea950046b78ee2d71c74a5eee480cba
18f1de5031b4a47f5c81860357d98ae37ff7e217,9fdf9f428b5e3f9cd67ec8f49644a49776186e9f,24dd96f5c13d464e27bfdae8dce11ec39560398d
088abd35e9ac337b7da0dbdd6defacf2332f98f7,54ba3a798a1841b983f55f64f1617fc4fcefee75,18f1de5031b4a47f5c81860357d98ae37ff7e217
e21b9366a06366980501d25d597dee8ce947ed68,c04e11f5dc66f2944c1bf67beab369a17529b16b,088abd35e9ac337b7da0dbdd6defacf2332f98f7
453ab56571669ba366b07a187ad50542c367b2e9,d5ea212b1b21154993af546fd01abd166a4232fe,e21b9366a06366980501d25d597dee8ce947ed68
33a5ac61e8bcd20451832df7bb01f555680dbc25,e22ec707bc169377735e5b7212822e5f84178537,453ab56571669ba366b07a187ad50542c367b2e9
70b7506e59c1fc6b187627d94020beb45474cd35,acfc8fbb7e64645967344475cdc757ff836b0a5b,33a5ac61e8bcd20451832df7bb01f555680dbc25
c2e1763cee58a2f30f958fe05124df56ba191d37,c1d512f9dbff60ff6cb9821a95727ee0cb05f5c9,70b7506e59c1fc6b187627d94020beb45474cd35
a54eab2f91966b645c45e32bd34a367053e44833,f40f1163b3874ac30e5cd03fac841c0daf18d2ce,9cd3e6003fe6b5cdd29fd1a3ffbb765bdc310535
a2f9c6e2db84c1cb6b853c005c639c14ce688f07,660bc7f0a78bbbdf6d128daec8f504da9946fc84,5514a1df8492c7f230fee4c29d29dd5dec9629c5
a9b2d0ed8c05e4e4d85a6568aa63da55e8b6021f,a1162d59770e855dfeb7b48c57407b365ba0f2c9,2833364ce2ff391c48bb49f40870515be0f2e0ed
0884c9a29e8f8af7f9ac4d29e8ec6176529b475f,66d1d3ebee117a19fd6f011cedc3334c86ee1339,a9b2d0ed8c05e4e4d85a6568aa63da55e8b6021f
c665dd9586e2425f9aa05fa6e59932a82661c048,d819e129b12037193c0f86056697e98133609bd0,0884c9a29e8f8af7f9ac4d29e8ec6176529b475f
66f9f6e1268da9be32e8ce4669b1bfeb0702d45e,82a999b1f6d9aab2c11b697d101b74fb5bdcbeb8,c665dd9586e2425f9aa05fa6e59932a82661c048
2d907b69ef068bac97308e57b8dc2211344824f2,66f9f6e1268da9be32e8ce4669b1bfeb0702d45e,775c858d4786e700dacc118c2ff95ed5309e7b81
83071410acfbb3bd0e49394154badb19d59db07f,c3875c9d9249580204c92bda964e37e3347e2f06,a2f9c6e2db84c1cb6b853c005c639c14ce688f07
22ba837bac150e603376f10cbba837ea33a65a14,0261a493f78ef8d6b7114652fac488fd4a5f21fb,83071410acfbb3bd0e49394154badb19d59db07f
6f9fadec02576f4cbc00ccef305b98821c0abbd5,59ddfff7078fcf37de26e30e016d6370f21dee0e,96f0ab5c0d521e0171e399a0140cbc534b4f7c43
a08317dd89c4076c0b9486ca6180d541591c3538,b5f54ba82b9c032c279f812ab7432eb4b12a506d,793e85b514b4b43434e064635537e8ea9275b8cf
f833d62a3d0f51f03d93662d3511d36a7cecfb2c,004fbda2b490e622d1a3994a29ded568996bc5df,400537ce180e9cdd181b8e075ece1d6468edb545
5726f6a2eabfc47ab6b8f76ea741a81c2d505896,87aec26ffbb304468c2010d682cd02834aabd876,22ba837bac150e603376f10cbba837ea33a65a14
0b1345325af23e3280108bf3d21189c367573dad,81a8a35e12efbd8904977f8ff820918fdda7c409,468e158ef394724406760be7aab125df14dd484a
4eeba529ec92e56fa05c228c245d944b90a4ae6c,d8fc0e1221c7a8145d69d81795a26e02359dea7f,7bf2e743c67ab1664084add36d6656cf3ef7d33a
ced94bff0c76d36d3d0f875a41ce3570e107e63a,38b56a4bb834b3d0d8f9b9b896c4e55a21bdf596,b4cc53e89fcbfc863ca7dc0985018cef464b8f64
6c0bee2907076c8e20eb081f91e8f93798c36a27,47b098efdb5d2769a95db720a00616234237e20e,f8bcc4e07af8f537dc427c0be760d42a2ff3017f
6319d4bd07ded3b89f67098a3b69c11e5f74be22,516eb8e23523dd883b50e41b2687d820d746734a,6c216ab6c3457d07d26d381e57095cd7f2a70e5c
596395952c8f4333ac06f93e5a75c1d383a19bb2,97e96d18a4980d70a939ec20c5836bc577b28596,53ce8aaaa17615e7b135c5e9686180c0d5821ae3
935c895593495ede2e0298f8e59a6cfad2a05502,f52298bab09f16cbde40e324bb169ef1a73e352d,c7453042793e38ece002f2ad8089af12188a22cc
a305280ec266a528fdb0532a77a9245a13b626b4,a2ac73ff7af23fb23c86b0cd18e1337d2feb1122,5e81b809df612acd9ffa66f0130f67f9abbc648b
c0a453c720d51d1c25de6deadcde9f92b81ce85b,34b689fd6f25c576453a5bcbe6815b3ab532b611,7cbaa0a3d57770878b4c37ce2f363f333c837cce
e0c5c06ab5f4ce8faf13128e4dc2c66a4b9abbbe,f7f91e714f7c0b8e2f47cfc96f7602a750822d5c,404592bf79db83342d99c13703211733c5d7d1c8
116da284cc736b028c330cd76ead22ebdadfd744,37b276e9291aa2a40a5968700bcfec07a66bea7d,ec123292bce4ae7391ecfeeb27e2fcbff0333b7c
6d6690fea92ba7ecc3ad81b5a9f004b343a7a252,79317f779520f412dbccca21c68c10aefaf52517,116da284cc736b028c330cd76ead22ebdadfd744
0b0ab297e81521429f1e58c5dfc21402b7cdde28,2ff5aeab930ac426b39d9dd57109d508b2645dc2,6d6690fea92ba7ecc3ad81b5a9f004b343a7a252
0be6fe93d99b64def7346d3e9c62ce3ef06f26c6,fd7c2524246215b4476f57ae1c0e5510658a2d16,0b0ab297e81521429f1e58c5dfc21402b7cdde28
5be1faf2809d7a345a7c795c127f946d5986bef5,f46bea56f677b744824b25cb24c744fe2c755286,a8bb7506c59c13ab0535d474269c24e530146e72
2cff000e6ebb3cb71f4240374291c79d1225ddea,6256165e7591864d369004f9fe8438a74b4c4c48,9dfd81423b1868245cc3393bb3fb81423245464e
82ab7727076764d5c43cd492c70efc2f5b1e44bd,ef349ae8361e8c70300d771dcc7d0c0bce067ba1,47a0af5fa36c511532510343b6d4c652ff2b379a
d6a2526b5420125ba543282720d7036340e2c7e0,80b2502eff13fb63e8e875dbbe5356ef306940e7,2fe0652b877b2bca7dabd9416d007c1c6dd87043
01d8ba901ab23118554562171be5764fa5042c00,2a9b4ef7de68196945920de480880a2b7829ba2a,2cff000e6ebb3cb71f4240374291c79d1225ddea
c36c45bfc8b2ea67bf09240afac8a1e3d43cc9ca,cffb89b13865fe8bfa592ae0567c3a107c169e7e,01d8ba901ab23118554562171be5764fa5042c00
b8e444b351bd2cdb46acd9ef1c707c5d9b64f172,45883e4d5f649b1df86f14637b8c69d642aca8d7,0be6fe93d99b64def7346d3e9c62ce3ef06f26c6
4ca9dc88caf6b74e9d73e9a7dac2d5f87e368c36,1705b7047b87b60f77895cf54a2418f660781a1b,b8e444b351bd2cdb46acd9ef1c707c5d9b64f172
2b98914f1b59995dfcad20bf9e42da02397a4d9a,04b0b596dc0119d5056f63186d3f972703e8b507,4ca9dc88caf6b74e9d73e9a7dac2d5f87e368c36
2ba11c32fd225abcb6868497931ebd5640719765,33a44c451737a32b40d37db86d8d6b8549fe182a,2b98914f1b59995dfcad20bf9e42da02397a4d9a
60d7dd996d227548c01800e0c4d168695e115ac3,0328f74323719d214c5043ced6ab20dd06e59d39,2ba11c32fd225abcb6868497931ebd5640719765
66bcd40178f63cb9d1204c06d23ac9965c75728d,1b8c8b3cea86712d00a67b27e7648fa17fc8d8dd,60d7dd996d227548c01800e0c4d168695e115ac3
b10982a3c0ac26618658bb5632cece0a59f791a8,7c08e5c75c7c6e397702e3af8c1838a1fb2d27ef,66bcd40178f63cb9d1204c06d23ac9965c75728d
5a0785828e560bfb554483b46b8c961485084e8a,eaaa2cd953ab76ca7234aefeb1efb5affe342221,b10982a3c0ac26618658bb5632cece0a59f791a8
7fb4451aaa1180b984495d5631659c946bf062f3,78fddabb8217926d230be7c79cb99285c698c402,5a0785828e560bfb554483b46b8c961485084e8a
9562a625e40fbc7c975664f624c4f863fe1669a5,d4253d5650ce8dfc224c671dc84700db8f373e80,7fb4451aaa1180b984495d5631659c946bf062f3
d1440f538625592875fc22f9ba3ad1a118fb11e9,2d91a541c797cbe3a84f5edb4318b1ce62eb535f,9562a625e40fbc7c975664f624c4f863fe1669a5
8cc57a0789925f47cf95ee85e5d1e3920ca12e8c,e72b74c78600c3b92528583a7c5c607bd8b75a5b,d1440f538625592875fc22f9ba3ad1a118fb11e9
c6cc0f657300a9bebf413062ab349bdc43d96618,b171e26503e5fff950c939e8655ab98a503ac7a3,95b23822c6daa48f25dc00fcf68f925cd3974eee
fdb230b74b516ae59500addc49ae18625d863f26,fe98f27a0fdb75128d56fedc59af43e6ff9e76f8,c6cc0f657300a9bebf413062ab349bdc43d96618
d77071b2fba1e663e3eea7ad133da3a6bf643307,ca183ea1b3f8f427cd233bdc72f46310a89f5685,fdb230b74b516ae59500addc49ae18625d863f26
271415242e87a8c48dd5f06774feed6ca51e44b6,99038fefc3dbbed7ca45288e22b8455f3a7bfbc3,d77071b2fba1e663e3eea7ad133da3a6bf643307
b6ffb48f73bc190babdf21bf2dd36ec384305f0c,1b3efb4f0bc1511f539145f60b985ece7205d673,271415242e87a8c48dd5f06774feed6ca51e44b6
3d1f524b2fcabfdfd7647de6f27ed8735ad48ade,bf29548e7d15523d2b8d58bcb857105ae9b14efa,b6ffb48f73bc190babdf21bf2dd36ec384305f0c
b65a4f99f65fa3f011e649dbaa605117272c85d3,a35624b6221383d47f3ee20f054e522a46106cc7,3d1f524b2fcabfdfd7647de6f27ed8735ad48ade
0cc505f167d637520e0a1fe34f2b55e858cdf5c0,05ef6fdaf4fe16eaff278012f896c89923448537,b65a4f99f65fa3f011e649dbaa605117272c85d3
8dc9528d3f5cd904af1f06bff180c85f3a906646,78130af3f369d03b7da2bb2c24a4536abbe11f2b,0cc505f167d637520e0a1fe34f2b55e858cdf5c0
80421bc9410a457588a9d6391a9873189274b087,7dd1bd3c082ffd2b5be8a66bea7696915d0d29a1,8dc9528d3f5cd904af1f06bff180c85f3a906646
563292fa09fca260f9e67b3b0d7919bd34f16ae5,ea0af1d6be08ba4ac7eda913219456286ab0c4f8,80421bc9410a457588a9d6391a9873189274b087
4de873544a5860ff82fc25cc194851d7c0e2a726,2fdb025facbd316cddb27bf4a95e34a67cd9e505,563292fa09fca260f9e67b3b0d7919bd34f16ae5
41b23cec681f4ce39bc4d57a0954e78e0454867b,07a83aba81974f2e91adc54f970f503015b377cc,1d78a47aa0c94485813ce883f78d223759838e06
4950e1756c79fba871f524d5d9c47ed9322b23b3,66e2365c98774b4b3bcb145ad9cda44d8cae57b3,41b23cec681f4ce39bc4d57a0954e78e0454867b
33375450c3118296f9c4926d164cf4451f1ffb1b,2716458454b9c947e4baf4dc107b34e369f53897,4950e1756c79fba871f524d5d9c47ed9322b23b3
7e61d8c97cadc40abb661031bddebe8c3593b40c,50a9a0aec4510f7c1450281d438c86eefffa9330,33375450c3118296f9c4926d164cf4451f1ffb1b
8d37182e4ba53958ceea137471add215b1a93eaf,3ac5b36900d7393947ae0d5c6ff43f61400bac1d,7e61d8c97cadc40abb661031bddebe8c3593b40c
608ded739e036a3aa69db47ac43777dcee506f8e,c81f06363743dad4987522e8b59835e32f56fe4e,8d37182e4ba53958ceea137471add215b1a93eaf
746b38015418fa59e3e75e1a797a82545d304d17,3ddb081adf934284f9db1adff82af8e8e88d6b43,9c7b6d41e3b84a5d62dfc914c29536708fc7dcdb
0163dfaa6360f51f2e861b8ded20109e52e857d2,914942eacbf386b8a48ebef945590c7f525f0bac,608ded739e036a3aa69db47ac43777dcee506f8e
2757790c746c9bfa8fbc0ebe94ab5de43b22409d,14b990ca352c7443bffce761b99f438873a6cf75,0163dfaa6360f51f2e861b8ded20109e52e857d2
36a93bab634f0efe50e1707ea0623015b93bba7c,021f169919e1d8c470d30672f6a8fda446f2456b,2757790c746c9bfa8fbc0ebe94ab5de43b22409d
d632f9f244a949c7b006c55ea243e0e5ed720ce8,8a4d36b75f1859d3769253fe0bbe567d53aec50f,36a93bab634f0efe50e1707ea0623015b93bba7c
462561d249bddf5a28439bc588a7cb026a8425bf,84e702d98c0708dfd5b836af1a0ca73c6dfae4a0,d632f9f244a949c7b006c55ea243e0e5ed720ce8
e5c0eee2747fcaba5ed89b6c539b6e064e146c56,efa41ac38b4fa4d48df06d011730a7ffdc8eb0d0,462561d249bddf5a28439bc588a7cb026a8425bf
8fa2a6407868b98dca488ff4a28b588628b17814,19d96726148165dd20c30030f357f42d181aa734,e5c0eee2747fcaba5ed89b6c539b6e064e146c56
6ed0a43f82dffe5e555ce35731a2c0f2bd313a3e,effd954e89e8467093fb046d0403e3ba467975f6,9c7b6d41e3b84a5d62dfc914c29536708fc7dcdb
f53deef7ad5b02b42b59dab92f66dec4fde8e1f6,746b38015418fa59e3e75e1a797a82545d304d17,6ed0a43f82dffe5e555ce35731a2c0f2bd313a3e
7a9deed30e592fbe340c6a6a703c7134e9e8f7ff,1104c95dbe40617eda9bb3a81233260f1034b5c4,8fa2a6407868b98dca488ff4a28b588628b17814
9e74a8529ca94287fe0c3b02b7a6b39d51ecd704,34f6bf5587e489a5de941d520899d2d7f569a325,7a9deed30e592fbe340c6a6a703c7134e9e8f7ff
30ad08a1e0bdc415d31e2e2190400248a2ad3e92,34f561224ac1ad694d2b28c24711a1b11eb673c1,9e74a8529ca94287fe0c3b02b7a6b39d51ecd704
44510abb8cef1898bf373e12e9e144a956757de4,3df74c4eb81f13053dd961d534ec152f467df6c4,30ad08a1e0bdc415d31e2e2190400248a2ad3e92
37cb2b7f3cb05bb0ac916d1cb308f9ba2c177472,5c01639d6d8583a7a09331c3ead9261c967248a5,44510abb8cef1898bf373e12e9e144a956757de4
664bfc43e7b7f48ff3e5f504a61eea0d4113e4d4,131a8ae309b8f422d54685875ee0568da50ef2dc,37cb2b7f3cb05bb0ac916d1cb308f9ba2c177472
67e09710c9849c45c213ec3bfe5aa0aa071d829b,5cf8dc2c3c2d94dffe6fde9d8902fdf2323c4038,664bfc43e7b7f48ff3e5f504a61eea0d4113e4d4
602ea7aa6cefa935cf64a2fecbabd3b81bc967bc,0b7cac46064a9f6df556fa92e94968cdbf4c6dbd,67e09710c9849c45c213ec3bfe5aa0aa071d829b
